"id","code","name","parent_id/id","type","user_type/id","reconcile"
"l10n_tn.pcg_0","0","Plan Comptable Général","","view","account.data_account_type_view","False"
"l10n_tn.pcg_cla_1_a_5","Classes 1 à 5","Comptes de bilan","l10n_tn.pcg_0","view","account.data_account_type_view","False"
"l10n_tn.pcg_1","Classe 1 ","Comptes de capitaux propres et passifs non courants","l10n_tn.pcg_cla_1_a_5","view","account.data_account_type_view","False"
"l10n_tn.pcg_10","10","Capital","l10n_tn.pcg_1","view","account.data_account_type_view","False"
"l10n_tn.pcg_101","101","Capital social","l10n_tn.pcg_10","view","account.data_account_type_view","False"
"l10n_tn.pcg_1011","1011","Capital souscrit - non appelé","l10n_tn.pcg_101","Regular","account.data_account_type_liability","False"
"l10n_tn.pcg_1012","1012","Capital souscrit - appelé non versé","l10n_tn.pcg_101","Regular","account.data_account_type_liability","False"
"l10n_tn.pcg_1013","1013","Capital souscrit - appelé versé","l10n_tn.pcg_101","view","account.data_account_type_view","False"
"l10n_tn.pcg_10131","10131","Capital non amorti","l10n_tn.pcg_1013","Regular","account.data_account_type_liability","False"
"l10n_tn.pcg_10132","10132","Capital amorti","l10n_tn.pcg_1013","Regular","account.data_account_type_liability","False"
"l10n_tn.pcg_1018","1018","Capital souscrit soumis à une réglementation particulière","l10n_tn.pcg_101","Regular","account.data_account_type_liability","False"
"l10n_tn.pcg_105","105","Fonds de dotation","l10n_tn.pcg_10","Regular","account.data_account_type_liability","False"
"l10n_tn.pcg_108","108","Compte de l'exploitant","l10n_tn.pcg_10","Regular","account.data_account_type_liability","False"
"l10n_tn.pcg_109","109","Actionnaires capital souscrit - non appelé","l10n_tn.pcg_10","Regular","account.data_account_type_asset","False"
"l10n_tn.pcg_11","11","Réserves et primes liées au capital","l10n_tn.pcg_1","view","account.data_account_type_view","False"
"l10n_tn.pcg_111","111","Réserve légale","l10n_tn.pcg_11","Regular","account.data_account_type_liability","False"
"l10n_tn.pcg_112","112","Réserves statutaires","l10n_tn.pcg_11","Regular","account.data_account_type_liability","False"
"l10n_tn.pcg_117","117","Primes liées au capital","l10n_tn.pcg_11","view","account.data_account_type_view","False"
"l10n_tn.pcg_1171","1171","Primes d'émission","l10n_tn.pcg_117","Regular","account.data_account_type_liability","False"
"l10n_tn.pcg_1172","1172","Primes de fusion","l10n_tn.pcg_117","Regular","account.data_account_type_liability","False"
"l10n_tn.pcg_1173","1173","Primes d'apport","l10n_tn.pcg_117","Regular","account.data_account_type_liability","False"
"l10n_tn.pcg_1174","1174","Primes de conversion d'obligation","l10n_tn.pcg_117","Regular","account.data_account_type_liability","False"
"l10n_tn.pcg_1178","1178","Autres compléments d'apport","l10n_tn.pcg_117","Regular","account.data_account_type_liability","False"
"l10n_tn.pcg_118","118","Autres réserves","l10n_tn.pcg_11","view","account.data_account_type_view","False"
"l10n_tn.pcg_1181","1181","Réserves pour fonds social","l10n_tn.pcg_118","Regular","account.data_account_type_liability","False"
"l10n_tn.pcg_119","119","Avoirs des actionnaires","l10n_tn.pcg_11","Regular","account.data_account_type_liability","False"
"l10n_tn.pcg_12","12","Résultats reportés","l10n_tn.pcg_1","view","account.data_account_type_view","False"
"l10n_tn.pcg_121","121","Résultats reportés","l10n_tn.pcg_12","Regular","account.data_account_type_liability","False"
"l10n_tn.pcg_128","128","Modifications comptables affectant les résultats reportés","l10n_tn.pcg_12","Regular","account.data_account_type_liability","False"
"l10n_tn.pcg_13","13","Résultat de l'exercice","l10n_tn.pcg_1","view","account.data_account_type_view","False"
"l10n_tn.pcg_131","131","Résultat bénéficiaire","l10n_tn.pcg_13","Regular","account.data_account_type_liability","False"
"l10n_tn.pcg_135","135","Résultat déficitaire","l10n_tn.pcg_13","Regular","account.data_account_type_liability","False"
"l10n_tn.pcg_14","14","Autres capitaux propres","l10n_tn.pcg_1","view","account.data_account_type_view","False"
"l10n_tn.pcg_141","141","Titres soumis à des réglementations particulières","l10n_tn.pcg_14","Regular","account.data_account_type_liability","False"
"l10n_tn.pcg_142","142","Réserves réglementées & réserves soumises à un régime fiscal particulier","l10n_tn.pcg_14","view","account.data_account_type_view","False"
"l10n_tn.pcg_1421","1421","Réserves indisponibles","l10n_tn.pcg_142","Regular","account.data_account_type_liability","False"
"l10n_tn.pcg_143","143","Amortissements dérogatoires","l10n_tn.pcg_14","Regular","account.data_account_type_liability","False"
"l10n_tn.pcg_144","144","Réserve spéciale de réévaluation","l10n_tn.pcg_14","Regular","account.data_account_type_liability","False"
"l10n_tn.pcg_145","145","Subventions d'investissement","l10n_tn.pcg_14","view","account.data_account_type_view","False"
"l10n_tn.pcg_1451","1451","Subventions d'investissement","l10n_tn.pcg_145","Regular","account.data_account_type_liability","False"
"l10n_tn.pcg_1458","1458","Autres subventions d'investissement","l10n_tn.pcg_145","Regular","account.data_account_type_liability","False"
"l10n_tn.pcg_1459","1459","Subventions d'investissement inscrites aux comptes de résultat","l10n_tn.pcg_145","Regular","account.data_account_type_liability","False"
"l10n_tn.pcg_147","147","Compte du concédant","l10n_tn.pcg_14","Regular","account.data_account_type_liability","False"
"l10n_tn.pcg_15","15","Provisions pour risques & charges","l10n_tn.pcg_1","view","account.data_account_type_view","False"
"l10n_tn.pcg_151","151","Provisions pour risques","l10n_tn.pcg_15","view","account.data_account_type_view","False"
"l10n_tn.pcg_1511","1511","Provisions pour litiges","l10n_tn.pcg_151","Regular","account.data_account_type_liability","False"
"l10n_tn.pcg_1512","1512","Provisions pour garanties données aux clients","l10n_tn.pcg_151","Regular","account.data_account_type_liability","False"
"l10n_tn.pcg_1513","1513","Provisions pour pertes sur marchés à achèvement futur","l10n_tn.pcg_151","Regular","account.data_account_type_liability","False"
"l10n_tn.pcg_1514","1514","Provisions pour amendes & pénalités","l10n_tn.pcg_151","Regular","account.data_account_type_liability","False"
"l10n_tn.pcg_1515","1515","Provisions pour pertes de change","l10n_tn.pcg_151","Regular","account.data_account_type_liability","False"
"l10n_tn.pcg_1518","1518","Autres provisions pour risques","l10n_tn.pcg_151","Regular","account.data_account_type_liability","False"
"l10n_tn.pcg_152","152","Provisions pour charges à répartir sur plusieurs exercices","l10n_tn.pcg_15","view","account.data_account_type_view","False"
"l10n_tn.pcg_1522","1522","Provisions pour grosses réparations","l10n_tn.pcg_152","Regular","account.data_account_type_liability","False"
"l10n_tn.pcg_153","153","Provisions pour retraites et obligations similaires","l10n_tn.pcg_15","Regular","account.data_account_type_liability","False"
"l10n_tn.pcg_154","154","Provisions d'origine réglementaire","l10n_tn.pcg_15","Regular","account.data_account_type_liability","False"
"l10n_tn.pcg_155","155","Provisions pour impôts","l10n_tn.pcg_15","Regular","account.data_account_type_liability","False"
"l10n_tn.pcg_156","156","Provisions pour renouvellement des immobilisations","l10n_tn.pcg_15","Regular","account.data_account_type_liability","False"
"l10n_tn.pcg_157","157","Provisions pour amortissement","l10n_tn.pcg_15","Regular","account.data_account_type_liability","False"
"l10n_tn.pcg_158","158","Autres provisions pour charges","l10n_tn.pcg_15","Regular","account.data_account_type_liability","False"
"l10n_tn.pcg_16","16","Emprunts & dettes assimilées","l10n_tn.pcg_1","view","account.data_account_type_view","False"
"l10n_tn.pcg_161","161","Emprunts obligataires (assorties de sûretés)","l10n_tn.pcg_16","view","account.data_account_type_view","False"
"l10n_tn.pcg_1611","1611","Emprunts obligataires convertibles en actions","l10n_tn.pcg_161","Regular","account.data_account_type_liability","False"
"l10n_tn.pcg_1618","1618","Autres emprunts obligataires","l10n_tn.pcg_161","Regular","account.data_account_type_liability","False"
"l10n_tn.pcg_162","162","Emprunts auprès des établissements financiers (assorties de sûretés)","l10n_tn.pcg_16","view","account.data_account_type_view","False"
"l10n_tn.pcg_1621","1621","Emprunts bancaires","l10n_tn.pcg_162","Regular","account.data_account_type_liability","False"
"l10n_tn.pcg_1626","1626","Refinancements acquis","l10n_tn.pcg_162","Regular","account.data_account_type_liability","False"
"l10n_tn.pcg_163","163","Emprunts auprès d'autres établissements financiers (assorties de sûretés)","l10n_tn.pcg_16","Regular","account.data_account_type_liability","False"
"l10n_tn.pcg_164","164","Emprunts et dettes assorties de conditions particulières","l10n_tn.pcg_16","view","account.data_account_type_view","False"
"l10n_tn.pcg_1641","1641","Avances bloquées pour augmentation du capital","l10n_tn.pcg_164","Regular","account.data_account_type_liability","False"
"l10n_tn.pcg_1642","1642","Avances reçues et comptes courants des associés bloqués","l10n_tn.pcg_164","Regular","account.data_account_type_liability","False"
"l10n_tn.pcg_1644","1644","Avances conditionnées de l'Etat & organismes internationaux","l10n_tn.pcg_164","Regular","account.data_account_type_liability","False"
"l10n_tn.pcg_165","165","Emprunts non assorties de sûretés (à subdiviser selon l'ordre des comptes des emprunts)","l10n_tn.pcg_16","Regular","account.data_account_type_liability","False"
"l10n_tn.pcg_166","166","Dettes rattachées à des participations","l10n_tn.pcg_16","view","account.data_account_type_view","False"
"l10n_tn.pcg_1661","1661","Dettes rattachées à des participations (groupe)","l10n_tn.pcg_166","Regular","account.data_account_type_liability","False"
"l10n_tn.pcg_1662","1662","Dettes rattachées à des participations (hors groupe)","l10n_tn.pcg_166","Regular","account.data_account_type_liability","False"
"l10n_tn.pcg_1663","1663","Dettes rattachées à des sociétés en participation","l10n_tn.pcg_166","Regular","account.data_account_type_liability","False"
"l10n_tn.pcg_167","167","Dépôts & cautionnements reçus","l10n_tn.pcg_16","Regular","account.data_account_type_liability","False"
"l10n_tn.pcg_168","168","Autres emprunts et dettes","l10n_tn.pcg_16","view","account.data_account_type_view","False"
"l10n_tn.pcg_1681","1681","Autres emprunts","l10n_tn.pcg_168","Regular","account.data_account_type_liability","False"
"l10n_tn.pcg_1685","1685","Crédit fournisseurs d'immobilisations","l10n_tn.pcg_168","Regular","account.data_account_type_liability","False"
"l10n_tn.pcg_1688","1688","Autres dettes non courantes","l10n_tn.pcg_168","Regular","account.data_account_type_liability","False"
"l10n_tn.pcg_17","17","Comptes de liaison des établissements & succursales","l10n_tn.pcg_1","view","account.data_account_type_view","False"
"l10n_tn.pcg_171","171","Comptes des liaison des établissements","l10n_tn.pcg_17","Regular","account.data_account_type_liability","False"
"l10n_tn.pcg_176","176","Biens & prestations de services échangés entre établissements (charges)","l10n_tn.pcg_17","Regular","account.data_account_type_liability","False"
"l10n_tn.pcg_177","177","Biens & prestations de services échangés entre établissements (produits)","l10n_tn.pcg_17","Regular","account.data_account_type_liability","False"
"l10n_tn.pcg_18","18","Autres passifs non courants","l10n_tn.pcg_1","view","account.data_account_type_view","False"
"l10n_tn.pcg_185","185","Écarts de conversion","l10n_tn.pcg_18","Regular","account.data_account_type_liability","False"
"l10n_tn.pcg_188","188","Autres","l10n_tn.pcg_18","Regular","account.data_account_type_liability","False"
"l10n_tn.pcg_2","Classe 2 ","Comptes d'actifs non courants","l10n_tn.pcg_cla_1_a_5","view","account.data_account_type_view","False"
"l10n_tn.pcg_21","21","Immobilisations incorporelles","l10n_tn.pcg_2","view","account.data_account_type_view","False"
"l10n_tn.pcg_211","211","Investissements de recherche & de développement","l10n_tn.pcg_21","Regular",account.data_account_type_asset,"False"
"l10n_tn.pcg_212","212","Concessions de marques brevets licences marques procédés & valeurs similaires","l10n_tn.pcg_21","Regular",account.data_account_type_asset,"False"
"l10n_tn.pcg_213","213","Logiciels","l10n_tn.pcg_21","Regular",account.data_account_type_asset,"False"
"l10n_tn.pcg_214","214","Fonds commercial","l10n_tn.pcg_21","Regular",account.data_account_type_asset,"False"
"l10n_tn.pcg_216","216","Droit au bail","l10n_tn.pcg_21","Regular",account.data_account_type_asset,"False"
"l10n_tn.pcg_218","218","Autres immobilisations incorporelles","l10n_tn.pcg_21","Regular",account.data_account_type_asset,"False"
"l10n_tn.pcg_22","22","Immobilisations corporelles","l10n_tn.pcg_2","view","account.data_account_type_view","False"
"l10n_tn.pcg_221","221","Terrains","l10n_tn.pcg_22","view","account.data_account_type_view","False"
"l10n_tn.pcg_2213","2213","Terrains nus","l10n_tn.pcg_221","Regular",account.data_account_type_asset,"False"
"l10n_tn.pcg_2214","2214","Terrains aménagés","l10n_tn.pcg_221","Regular",account.data_account_type_asset,"False"
"l10n_tn.pcg_2215","2215","Terrains bâtis","l10n_tn.pcg_221","Regular",account.data_account_type_asset,"False"
"l10n_tn.pcg_2216","2216","Agencements & aménagements des terrains","l10n_tn.pcg_221","Regular",account.data_account_type_asset,"False"
"l10n_tn.pcg_222","222","Constructions","l10n_tn.pcg_22","view","account.data_account_type_view","False"
"l10n_tn.pcg_2221","2221","Bâtiments","l10n_tn.pcg_222","Regular",account.data_account_type_asset,"False"
"l10n_tn.pcg_2225","2225","Installations générales agencements & aménagements des constructions","l10n_tn.pcg_222","Regular",account.data_account_type_asset,"False"
"l10n_tn.pcg_2226","2226","Ouvrages d'infrastructure","l10n_tn.pcg_222","Regular",account.data_account_type_asset,"False"
"l10n_tn.pcg_2227","2227","Constructions sur sol d'autrui","l10n_tn.pcg_222","Regular",account.data_account_type_asset,"False"
"l10n_tn.pcg_223","223","Installations techniques matériel et outillage industriels","l10n_tn.pcg_22","view","account.data_account_type_view","False"
"l10n_tn.pcg_2231","2231","Installations techniques","l10n_tn.pcg_223","Regular",account.data_account_type_asset,"False"
"l10n_tn.pcg_2234","2234","Matériel industriel","l10n_tn.pcg_223","Regular",account.data_account_type_asset,"False"
"l10n_tn.pcg_2235","2235","Outillage industriel","l10n_tn.pcg_223","Regular",account.data_account_type_asset,"False"
"l10n_tn.pcg_2237","2237","Agencements & aménagements du matériel & outillage industriels","l10n_tn.pcg_223","Regular",account.data_account_type_asset,"False"
"l10n_tn.pcg_224","224","Matériel de transport","l10n_tn.pcg_22","view","account.data_account_type_view","False"
"l10n_tn.pcg_2241","2241","Matériel de transport de biens","l10n_tn.pcg_224","Regular",account.data_account_type_asset,"False"
"l10n_tn.pcg_2244","2244","Matériel de transport de personnes","l10n_tn.pcg_224","Regular",account.data_account_type_asset,"False"
"l10n_tn.pcg_228","228","Autres immobilisations corporelles","l10n_tn.pcg_22","view","account.data_account_type_view","False"
"l10n_tn.pcg_2281","2281","Installations générales agencements et aménagements divers","l10n_tn.pcg_228","Regular",account.data_account_type_asset,"False"
"l10n_tn.pcg_2282","2282","Équipement de bureau","l10n_tn.pcg_228","Regular",account.data_account_type_asset,"False"
"l10n_tn.pcg_2286","2286","Emballages récupérables identifiables","l10n_tn.pcg_228","Regular",account.data_account_type_asset,"False"
"l10n_tn.pcg_23","23","Immobilisations en cours","l10n_tn.pcg_2","view","account.data_account_type_view","False"
"l10n_tn.pcg_231","231","Immobilisations incorporelles en cours","l10n_tn.pcg_23","Regular",account.data_account_type_asset,"False"
"l10n_tn.pcg_232","232","Immobilisations corporelles en cours","l10n_tn.pcg_23","Regular",account.data_account_type_asset,"False"
"l10n_tn.pcg_237","237","Avances & acomptes versés sur immobilisations incorporelles","l10n_tn.pcg_23","Regular",account.data_account_type_asset,"False"
"l10n_tn.pcg_238","238","Avances & acomptes versés sur commandes d'immobilisations corporelles","l10n_tn.pcg_23","Regular",account.data_account_type_asset,"False"
"l10n_tn.pcg_24","24","Immobilisations à statut juridique particulier","l10n_tn.pcg_2","Regular",account.data_account_type_asset,"False"
"l10n_tn.pcg_25","25","Participations & créances liées à des participations","l10n_tn.pcg_2","view","account.data_account_type_view","False"
"l10n_tn.pcg_251","251","Titres de participation","l10n_tn.pcg_25","view","account.data_account_type_view","False"
"l10n_tn.pcg_2511","2511","Actions","l10n_tn.pcg_251","Regular",account.data_account_type_asset,"False"
"l10n_tn.pcg_2518","2518","Autres titres","l10n_tn.pcg_251","Regular",account.data_account_type_asset,"False"
"l10n_tn.pcg_256","256","Autres formes de participation","l10n_tn.pcg_25","Regular",account.data_account_type_asset,"False"
"l10n_tn.pcg_257","257","Créances rattachées à des participations","l10n_tn.pcg_25","view","account.data_account_type_view","False"
"l10n_tn.pcg_2571","2571","Créances rattachées à des participations (groupe)","l10n_tn.pcg_257","Regular",account.data_account_type_asset,"False"
"l10n_tn.pcg_2574","2574","Créances rattachées à des participations (hors groupe)","l10n_tn.pcg_257","Regular",account.data_account_type_asset,"False"
"l10n_tn.pcg_2575","2575","Versements représentatifs d'apports non capitalisés (appel de fonds)","l10n_tn.pcg_257","Regular",account.data_account_type_asset,"False"
"l10n_tn.pcg_2576","2576","Avances consolidables","l10n_tn.pcg_257","Regular",account.data_account_type_asset,"False"
"l10n_tn.pcg_2577","2577","Autres créances rattachées à des participations","l10n_tn.pcg_257","Regular",account.data_account_type_asset,"False"
"l10n_tn.pcg_258","258","Créances rattachées à des sociétés en participation","l10n_tn.pcg_25","Regular",account.data_account_type_asset,"False"
"l10n_tn.pcg_259","259","Versements restant à effectuer sur titres de participation non libérés","l10n_tn.pcg_25","Regular",account.data_account_type_asset,"False"
"l10n_tn.pcg_26","26","Autres immobilisations financières","l10n_tn.pcg_2","view","account.data_account_type_view","False"
"l10n_tn.pcg_261","261","Titres immobilisés (droit de propriété)","l10n_tn.pcg_26","view","account.data_account_type_view","False"
"l10n_tn.pcg_2611","2611","Actions","l10n_tn.pcg_261","Regular",account.data_account_type_asset,"False"
"l10n_tn.pcg_2618","2618","Autres titres","l10n_tn.pcg_261","Regular",account.data_account_type_asset,"False"
"l10n_tn.pcg_262","262","Titres immobilisés (droit de créance)","l10n_tn.pcg_26","view","account.data_account_type_view","False"
"l10n_tn.pcg_2621","2621","Obligations","l10n_tn.pcg_262","Regular",account.data_account_type_asset,"False"
"l10n_tn.pcg_2622","2622","Bons","l10n_tn.pcg_262","Regular",account.data_account_type_asset,"False"
"l10n_tn.pcg_264","264","Prêts","l10n_tn.pcg_26","view","account.data_account_type_view","False"
"l10n_tn.pcg_2641","2641","Prêts participatifs","l10n_tn.pcg_264","Regular",account.data_account_type_asset,"False"
"l10n_tn.pcg_2642","2642","Prêts aux associés","l10n_tn.pcg_264","Regular",account.data_account_type_asset,"False"
"l10n_tn.pcg_2643","2643","Prêts au personnel","l10n_tn.pcg_264","Regular",account.data_account_type_asset,"False"
"l10n_tn.pcg_2645","2645","Prêts assortis de sûretés (à subdiviser)","l10n_tn.pcg_264","Regular",account.data_account_type_asset,"False"
"l10n_tn.pcg_2648","2648","Autres prêts","l10n_tn.pcg_264","Regular",account.data_account_type_asset,"False"
"l10n_tn.pcg_265","265","Dépôts et cautionnements versés","l10n_tn.pcg_26","view","account.data_account_type_view","False"
"l10n_tn.pcg_2651","2651","Dépôts","l10n_tn.pcg_265","Regular",account.data_account_type_asset,"False"
"l10n_tn.pcg_2655","2655","Cautionnements","l10n_tn.pcg_265","Regular",account.data_account_type_asset,"False"
"l10n_tn.pcg_2656","2656","Dépôts bancaires non courants","l10n_tn.pcg_265","Regular",account.data_account_type_asset,"False"
"l10n_tn.pcg_2658","2658","Autres","l10n_tn.pcg_265","Regular",account.data_account_type_asset,"False"
"l10n_tn.pcg_266","266","Autres créances immobilisées","l10n_tn.pcg_26","view","account.data_account_type_view","False"
"l10n_tn.pcg_2661","2661","Créances immobilisées","l10n_tn.pcg_266","Regular",account.data_account_type_asset,"False"
"l10n_tn.pcg_2667","2667","Créances diverses","l10n_tn.pcg_266","Regular",account.data_account_type_asset,"False"
"l10n_tn.pcg_2668","2668","Autres créances non courantes","l10n_tn.pcg_266","Regular",account.data_account_type_asset,"False"
"l10n_tn.pcg_269","269","Versements restant à effectuer sur titres immobilisés non libérés","l10n_tn.pcg_26","Regular",account.data_account_type_asset,"False"
"l10n_tn.pcg_27","27","Autres actifs non courants","l10n_tn.pcg_2","view","account.data_account_type_view","False"
"l10n_tn.pcg_271","271","Frais préliminaires","l10n_tn.pcg_27","Regular",account.data_account_type_asset,"False"
"l10n_tn.pcg_172","272","Charges à répartir","l10n_tn.pcg_17","Regular",account.data_account_type_asset,"False"
"l10n_tn.pcg_273","273","Frais d'émission et primes de remboursement des emprunts","l10n_tn.pcg_27","Regular",account.data_account_type_asset,"False"
"l10n_tn.pcg_275","275","Écarts de conversion","l10n_tn.pcg_27","Regular",account.data_account_type_asset,"False"
"l10n_tn.pcg_278","278","Autres","l10n_tn.pcg_27","Regular",account.data_account_type_asset,"False"
"l10n_tn.pcg_28","28","Amortissements des immobilisations","l10n_tn.pcg_2","view","account.data_account_type_view","False"
"l10n_tn.pcg_281","281","Amortissements des immobilisations incorporelles (même ventilation que celle du compte 21)","l10n_tn.pcg_28","Regular",account.data_account_type_asset,"False"
"l10n_tn.pcg_282","282","Amortissements des immobilisations corporelles (même ventilation que celle du compte 22)","l10n_tn.pcg_28","Regular",account.data_account_type_asset,"False"
"l10n_tn.pcg_284","284","Amortissements des immobilisations à statut juridique particulier","l10n_tn.pcg_28","Regular",account.data_account_type_asset,"False"
"l10n_tn.pcg_29","29","Provisions pour dépréciation des immobilisations","l10n_tn.pcg_2","view","account.data_account_type_view","False"
"l10n_tn.pcg_291","291","Provisions pour dépréciation des immobilisations incorporelles (même ventilation que celle du compte 21)","l10n_tn.pcg_29","Regular",account.data_account_type_asset,"False"
"l10n_tn.pcg_292","292","Provisions pour dépréciation des immobilisations corporelles (même ventilation que celle du compte 22)","l10n_tn.pcg_29","Regular",account.data_account_type_asset,"False"
"l10n_tn.pcg_293","293","Provisions pour dépréciation des immobilisations en cours (même ventilation que celle du compte 23)","l10n_tn.pcg_29","Regular",account.data_account_type_asset,"False"
"l10n_tn.pcg_294","294","Provisions pour dépréciation des immobilisations à statut juridique particulier","l10n_tn.pcg_29","Regular",account.data_account_type_asset,"False"
"l10n_tn.pcg_295","295","Provisions pour dépréciation des participations et des créances liées à des participations (même ventilation que celle du compte 25)","l10n_tn.pcg_29","Regular",account.data_account_type_asset,"False"
"l10n_tn.pcg_296","296","Provisions pour dépréciation des autres immobilisations financières (même ventilation que celle du compte 26)","l10n_tn.pcg_29","Regular",account.data_account_type_asset,"False"
"l10n_tn.pcg_3","Classe 3 ","Comptes de stocks","l10n_tn.pcg_cla_1_a_5","view","account.data_account_type_view","False"
"l10n_tn.pcg_31","31","Matières premières & fournitures liées","l10n_tn.pcg_3","view","account.data_account_type_view","False"
"l10n_tn.pcg_311","311","Matières premières","l10n_tn.pcg_31","Regular",account.data_account_type_asset,"False"
"l10n_tn.pcg_313","313","Fournitures","l10n_tn.pcg_31","Regular",account.data_account_type_asset,"False"
"l10n_tn.pcg_317","317","Autres","l10n_tn.pcg_31","Regular",account.data_account_type_asset,"False"
"l10n_tn.pcg_32","32","Autres approvisionnements","l10n_tn.pcg_3","view","account.data_account_type_view","False"
"l10n_tn.pcg_321","321","Matières consommables","l10n_tn.pcg_32","Regular",account.data_account_type_asset,"False"
"l10n_tn.pcg_322","322","Fournitures consommables","l10n_tn.pcg_32","Regular",account.data_account_type_asset,"False"
"l10n_tn.pcg_326","326","Emballages","l10n_tn.pcg_32","Regular",account.data_account_type_asset,"False"
"l10n_tn.pcg_327","327","Autres","l10n_tn.pcg_32","Regular",account.data_account_type_asset,"False"
"l10n_tn.pcg_33","33","En-cours de production de biens","l10n_tn.pcg_3","view","account.data_account_type_view","False"
"l10n_tn.pcg_331","331","Produits en cours","l10n_tn.pcg_33","Regular",account.data_account_type_asset,"False"
"l10n_tn.pcg_337","335","Travaux en cours","l10n_tn.pcg_33","Regular",account.data_account_type_asset,"False"
"l10n_tn.pcg_34","34","En-cours de production de services","l10n_tn.pcg_3","view","account.data_account_type_view","False"
"l10n_tn.pcg_341","341","Études en cours","l10n_tn.pcg_34","Regular",account.data_account_type_asset,"False"
"l10n_tn.pcg_345","345","Prestations de services en cours","l10n_tn.pcg_34","Regular",account.data_account_type_asset,"False"
"l10n_tn.pcg_35","35","Stocks de produits","l10n_tn.pcg_3","view","account.data_account_type_view","False"
"l10n_tn.pcg_351","351","Produits intermédiaires","l10n_tn.pcg_35","Regular",account.data_account_type_asset,"False"
"l10n_tn.pcg_355","355","Produits finis","l10n_tn.pcg_35","Regular",account.data_account_type_asset,"False"
"l10n_tn.pcg_357","357","Produits résiduels","l10n_tn.pcg_35","Regular",account.data_account_type_asset,"False"
"l10n_tn.pcg_37","37","Stocks de marchandises","l10n_tn.pcg_3","view","account.data_account_type_view","False"
"l10n_tn.pcg_39","39","Provisions pour dépréciation des stocks (à ventiler selon la nomenclature de cette classe)","l10n_tn.pcg_3","view","account.data_account_type_view","False"
"l10n_tn.pcg_4","Classe 4 ","Comptes de tiers","l10n_tn.pcg_cla_1_a_5","view","account.data_account_type_view","False"
"l10n_tn.pcg_40","40","Fournisseurs & comptes rattachés","l10n_tn.pcg_4","view","account.data_account_type_view","False"
"l10n_tn.pcg_401","401","Fournisseurs d'exploitation","l10n_tn.pcg_40","view","account.data_account_type_view","False"
"l10n_tn.pcg_4011","4011","Fournisseurs - achats de biens ou de prestations de services","l10n_tn.pcg_401","Payable","account.data_account_type_payable","True"
"l10n_tn.pcg_4017","4017","Fournisseurs - retenues de garantie","l10n_tn.pcg_401","Payable","account.data_account_type_payable","True"
"l10n_tn.pcg_403","403","Fournisseurs d'exploitation - effets à payer","l10n_tn.pcg_40","Payable","account.data_account_type_payable","True"
"l10n_tn.pcg_404","404","Fournisseurs d'immobilisations","l10n_tn.pcg_40","view","account.data_account_type_view","False"
"l10n_tn.pcg_4041","4041","Fournisseurs - achats d'immobilisations","l10n_tn.pcg_404","Payable","account.data_account_type_payable","True"
"l10n_tn.pcg_4047","4047","Fournisseurs d'immobilisations - retenues de garantie","l10n_tn.pcg_404","Payable","account.data_account_type_payable","True"
"l10n_tn.pcg_405","405","Fournisseurs d'immobilisations - effets à payer","l10n_tn.pcg_40","Payable","account.data_account_type_payable","True"
"l10n_tn.pcg_408","408","Fournisseurs - factures non parvenues","l10n_tn.pcg_40","view","account.data_account_type_view","False"
"l10n_tn.pcg_4081","4081","Fournisseurs d'exploitation","l10n_tn.pcg_408","Payable","account.data_account_type_payable","True"
"l10n_tn.pcg_4084","4084","Fournisseurs d'immobilisations","l10n_tn.pcg_408","Payable","account.data_account_type_payable","True"
"l10n_tn.pcg_4088","4088","Fournisseurs - intérêts courus","l10n_tn.pcg_408","Payable","account.data_account_type_payable","True"
"l10n_tn.pcg_409","409","Fournisseurs débiteurs","l10n_tn.pcg_40","view","account.data_account_type_view","True"
"l10n_tn.pcg_4091","4091","Fournisseurs - avances et acomptes versés sur commandes","l10n_tn.pcg_409","Regular","account.data_account_type_asset","True"
"l10n_tn.pcg_4096","4096","Fournisseurs - créances pour emballages et matériel à rendre","l10n_tn.pcg_409","Regular","account.data_account_type_asset","True"
"l10n_tn.pcg_4097","4097","Fournisseurs - autres avoirs","l10n_tn.pcg_409","view","account.data_account_type_view","False"
"l10n_tn.pcg_40971","40971","Fournisseurs d'exploitation","l10n_tn.pcg_4097","Regular","account.data_account_type_asset","True"
"l10n_tn.pcg_40974","40974","Fournisseurs d'immobilisations","l10n_tn.pcg_4097","Regular","account.data_account_type_asset","True"
"l10n_tn.pcg_4098","4098","Rabais  remises ristournes à obtenir et autres avoirs non encore reçus","l10n_tn.pcg_409","Regular","account.data_account_type_asset","True"
"l10n_tn.pcg_41","41","Clients & comptes rattachés","l10n_tn.pcg_4","view","account.data_account_type_view","False"
"l10n_tn.pcg_411","411","Clients","l10n_tn.pcg_41","view","account.data_account_type_view","False"
"l10n_tn.pcg_4111","4111","Clients - ventes de biens ou de prestations de services","l10n_tn.pcg_411","Receivable","account.data_account_type_receivable","True"
"l10n_tn.pcg_4117","4117","Clients - retenues de garantie","l10n_tn.pcg_411","Receivable","account.data_account_type_receivable","True"
"l10n_tn.pcg_413","413","Clients - effets à recevoir","l10n_tn.pcg_41","Receivable","account.data_account_type_receivable","True"
"l10n_tn.pcg_416","416","Clients douteux ou litigieux","l10n_tn.pcg_41","Receivable","account.data_account_type_receivable","True"
"l10n_tn.pcg_417","417","Créances sur travaux non encore facturables","l10n_tn.pcg_41","Receivable","account.data_account_type_receivable","True"
"l10n_tn.pcg_418","418","Clients - produits non encore facturés (produits à recevoir)","l10n_tn.pcg_41","view","account.data_account_type_view","False"
"l10n_tn.pcg_4181","4181","Factures à établir","l10n_tn.pcg_418","Receivable","account.data_account_type_receivable","True"
"l10n_tn.pcg_4188","4188","Intérêts courus","l10n_tn.pcg_418","Receivable","account.data_account_type_receivable","True"
"l10n_tn.pcg_419","419","Clients créditeurs","l10n_tn.pcg_41","view","account.data_account_type_view","True"
"l10n_tn.pcg_4191","4191","Clients - avances et acomptes reçus sur commandes","l10n_tn.pcg_419","Regular","account.data_account_type_asset","True"
"l10n_tn.pcg_4196","4196","Clients - dettes pour emballages et matériel consignés","l10n_tn.pcg_419","Regular","account.data_account_type_asset","True"
"l10n_tn.pcg_4197","4197","Clients - autres avoirs","l10n_tn.pcg_419","Regular","account.data_account_type_asset","True"
"l10n_tn.pcg_4198","4198","Rabais remises ristournes à accorder et autres avoirs à établir","l10n_tn.pcg_419","Regular","account.data_account_type_asset","True"
"l10n_tn.pcg_42","42","Personnel et comptes rattachés","l10n_tn.pcg_4","view","account.data_account_type_view","False"
"l10n_tn.pcg_421","421","Personnel - avances et acomptes","l10n_tn.pcg_42","Receivable","account.data_account_type_receivable","True"
"l10n_tn.pcg_422","422","Comités d'entreprises et autres organes représentatifs du personnel","l10n_tn.pcg_42","Regular","account.data_account_type_liability","True"
"l10n_tn.pcg_425","425","Personnel - rémunérations dues","l10n_tn.pcg_42","Regular","account.data_account_type_liability","True"
"l10n_tn.pcg_426","426","Personnel - dépôts","l10n_tn.pcg_42","Regular","account.data_account_type_liability","True"
"l10n_tn.pcg_427","427","Personnel - oppositions","l10n_tn.pcg_42","Regular","account.data_account_type_liability","True"
"l10n_tn.pcg_428","428","Personnel - charges à payer & produits à recevoir","l10n_tn.pcg_42","view","account.data_account_type_view","True"
"l10n_tn.pcg_4282","4282","Dettes provisionnées pour congés à payer","l10n_tn.pcg_428","Regular","account.data_account_type_liability","True"
"l10n_tn.pcg_4286","4286","Autres charges à payer","l10n_tn.pcg_428","Regular","account.data_account_type_liability","True"
"l10n_tn.pcg_4287","4287","Produits à recevoir","l10n_tn.pcg_428","Receivable","account.data_account_type_receivable","True"
"l10n_tn.pcg_43","43","Etat et collectivités publiques","l10n_tn.pcg_4","view","account.data_account_type_view","False"
"l10n_tn.pcg_431","431","Etat - subventions à recevoir","l10n_tn.pcg_43","Receivable","account.data_account_type_receivable","True"
"l10n_tn.pcg_432","432","Etat impôts et taxes retenus à la source","l10n_tn.pcg_43","Receivable","account.data_account_type_receivable","True"
"l10n_tn.pcg_433","433","Opérations particulières avec l'Etat les collectivités publiques les organismes internationaux","l10n_tn.pcg_43","view","account.data_account_type_view","False"
"l10n_tn.pcg_434","434","Etat - impôts sur les bénéfices","l10n_tn.pcg_43","view","account.data_account_type_view","False"
"l10n_tn.pcg_4341","4341","Retenue à la source","l10n_tn.pcg_434","Regular","account.data_account_type_liability","True"
"l10n_tn.pcg_4342","4342","Acomptes provisionnels","l10n_tn.pcg_434","Regular","account.data_account_type_liability","True"
"l10n_tn.pcg_4343","4343","Impôt à liquider","l10n_tn.pcg_434","Regular","account.data_account_type_liability","True"
"l10n_tn.pcg_4349","4349","Impôts différés","l10n_tn.pcg_434","Regular","account.data_account_type_liability","True"
"l10n_tn.pcg_435","435","Obligations cautionnées","l10n_tn.pcg_43","Regular","account.data_account_type_liability","True"
"l10n_tn.pcg_436","436","Etat - taxes sur le chiffre d'affaires","l10n_tn.pcg_43","view","account.data_account_type_view","True"
"l10n_tn.pcg_4365","4365","Taxes sur le chiffre d'affaires à décaisser","l10n_tn.pcg_436","view","account.data_account_type_view","True"
"l10n_tn.pcg_43651","43651","TVA à payer","l10n_tn.pcg_4365","Regular","account.data_account_type_liability","True"
"l10n_tn.pcg_43658","43658","Autres taxes sur le chiffre d'affaires","l10n_tn.pcg_4365","Regular","account.data_account_type_liability","True"
"l10n_tn.pcg_4366","4366","Taxes sur le chiffre d'affaires déductibles","l10n_tn.pcg_436","view","account.data_account_type_view","False"
"l10n_tn.pcg_43662","43662","TVA sur immobilisations","l10n_tn.pcg_4366","Regular","account.data_account_type_asset","False"
"l10n_tn.pcg_43663","43663","TVA transférée par d'autres entreprises","l10n_tn.pcg_4366","Regular","account.data_account_type_asset","True"
"l10n_tn.pcg_43666","43666","TVA sur autres biens et services","l10n_tn.pcg_4366","Regular","account.data_account_type_asset","True"
"l10n_tn.pcg_43667","43667","Crédit de TVA à reporter","l10n_tn.pcg_4366","Regular","account.data_account_type_asset","True"
"l10n_tn.pcg_43668","43668","Autres taxes sur le chiffre d'affaires","l10n_tn.pcg_4366","Regular","account.data_account_type_asset","True"
"l10n_tn.pcg_4367","4367","Taxes sur le chiffre d'affaires collectées par l'entreprise","l10n_tn.pcg_436","view","account.data_account_type_view","False"
"l10n_tn.pcg_43671","43671","TVA collectée","l10n_tn.pcg_4367","view","account.data_account_type_view","True"
"l10n_tn.pcg_436711","436711","TVA collectée sur les débits","l10n_tn.pcg_43671","Regular","account.data_account_type_liability","True"
"l10n_tn.pcg_436712","436712","TVA collectée sur les encaissements","l10n_tn.pcg_43671","Regular","account.data_account_type_liability","True"
"l10n_tn.pcg_43678","43678","Autres taxes sur le chiffre d'affaires","l10n_tn.pcg_4367","Regular","account.data_account_type_liability","True"
"l10n_tn.pcg_4368","4368","Taxes sur le chiffre d'affaires à régulariser ou en attente","l10n_tn.pcg_436","view","account.data_account_type_view","False"
"l10n_tn.pcg_43681","43681","Acomptes - Régime simplifié d'imposition","l10n_tn.pcg_4368","Regular","account.data_account_type_asset","True"
"l10n_tn.pcg_43682","43682","Acomptes - Régime du forfait","l10n_tn.pcg_4368","Regular","account.data_account_type_asset","True"
"l10n_tn.pcg_43683","43683","Remboursement de taxes sur le chiffre d'affaires demandé","l10n_tn.pcg_4368","Regular","account.data_account_type_asset","True"
"l10n_tn.pcg_437","437","Autres impôts taxes et versements assimilés","l10n_tn.pcg_43","view","account.data_account_type_view","False"
"l10n_tn.pcg_4375","4375","droit de timbre collecté","l10n_tn.pcg_437","Regular","account.data_account_type_liability","True"
"l10n_tn.pcg_438","438","Etat - charges à payer et produits à recevoir","l10n_tn.pcg_43","view","account.data_account_type_view","False"
"l10n_tn.pcg_4382","4382","Charges fiscales sur congés à payer","l10n_tn.pcg_438","Regular","account.data_account_type_liability","True"
"l10n_tn.pcg_4386","4386","Autres charges à payer","l10n_tn.pcg_438","Regular","account.data_account_type_liability","True"
"l10n_tn.pcg_4387","4387","Produits à recevoir","l10n_tn.pcg_438","Regular","account.data_account_type_asset","True"
"l10n_tn.pcg_44","44","Sociétés du groupe & associés","l10n_tn.pcg_4","view","account.data_account_type_view","False"
"l10n_tn.pcg_441","441","Groupe","l10n_tn.pcg_44","view","account.data_account_type_view","True"
"l10n_tn.pcg_442","442","Associés - comptes courants","l10n_tn.pcg_44","view","account.data_account_type_view","True"
"l10n_tn.pcg_4421","4421","Principal","l10n_tn.pcg_442","Payable","account.data_account_type_payable","True"
"l10n_tn.pcg_4428","4428","Intérêts courus","l10n_tn.pcg_442","Payable","account.data_account_type_payable","True"
"l10n_tn.pcg_446","446","Associés - opérations sur le capital","l10n_tn.pcg_44","view","account.data_account_type_view","True"
"l10n_tn.pcg_447","447","Associés - dividendes à payer","l10n_tn.pcg_44","view","account.data_account_type_view","True"
"l10n_tn.pcg_448","448","Associés - opérations faites en commun","l10n_tn.pcg_44","view","account.data_account_type_view","True"
"l10n_tn.pcg_4481","4481","Opérations courantes","l10n_tn.pcg_448","Receivable","account.data_account_type_receivable","True"
"l10n_tn.pcg_4488","4488","Intérêts courus","l10n_tn.pcg_448","Receivable","account.data_account_type_receivable","True"
"l10n_tn.pcg_45","45","Débiteurs divers et Créditeurs divers","l10n_tn.pcg_4","view","account.data_account_type_view","False"
"l10n_tn.pcg_452","452","Créances sur cessions d'immobilisations","l10n_tn.pcg_45","Receivable","account.data_account_type_receivable","True"
"l10n_tn.pcg_453","453","Sécurité sociale et autres organismes sociaux","l10n_tn.pcg_45","view","account.data_account_type_view","True"
"l10n_tn.pcg_4531","4531","Organismes sociaux","l10n_tn.pcg_453","view","account.data_account_type_view","True"
"l10n_tn.pcg_45311","45311","CNSS","l10n_tn.pcg_4531","Regular","account.data_account_type_liability","True"
"l10n_tn.pcg_45318","45318","Autres","l10n_tn.pcg_4531","Regular","account.data_account_type_liability","True"
"l10n_tn.pcg_4538","4538","Organismes sociaux - charges à payer et produits à recevoir","l10n_tn.pcg_453","view","account.data_account_type_view","True"
"l10n_tn.pcg_45382","45382","Charges sociales sur congés à payer","l10n_tn.pcg_4538","Regular","account.data_account_type_liability","True"
"l10n_tn.pcg_45386","45386","Autres charges à payer","l10n_tn.pcg_4538","Regular","account.data_account_type_liability","True"
"l10n_tn.pcg_45387","45387","Produits à recevoir","l10n_tn.pcg_4538","Receivable","account.data_account_type_receivable","True"
"l10n_tn.pcg_454","454","Dettes sur acquisitions de valeurs mobilières de placement","l10n_tn.pcg_45","Regular","account.data_account_type_liability","True"
"l10n_tn.pcg_455","455","Créances sur cessions de valeurs mobilières de placement","l10n_tn.pcg_45","Receivable","account.data_account_type_receivable","True"
"l10n_tn.pcg_457","457","Autres comptes débiteurs ou créditeurs","l10n_tn.pcg_45","Regular","account.data_account_type_liability","False"
"l10n_tn.pcg_458","458","Diverses charges à payer et produits à recevoir","l10n_tn.pcg_45","view","account.data_account_type_view","False"
"l10n_tn.pcg_4586","4586","Charges à payer","l10n_tn.pcg_458","Regular","account.data_account_type_liability","True"
"l10n_tn.pcg_4587","4587","Produits à recevoir","l10n_tn.pcg_458","Receivable","account.data_account_type_receivable","True"
"l10n_tn.pcg_46","46","Comptes transitoires ou d'attente","l10n_tn.pcg_4","view","account.data_account_type_view","False"
"l10n_tn.pcg_461","461","Compte d'attente","l10n_tn.pcg_46","Receivable","account.data_account_type_receivable","True"
"l10n_tn.pcg_465","465","Différence de conversion sur éléments courants","l10n_tn.pcg_46","view","account.data_account_type_view","False"
"l10n_tn.pcg_4651","4651","Différences de conversion actif","l10n_tn.pcg_465","view","account.data_account_type_view","True"
"l10n_tn.pcg_46511","46511","Diminution des créances","l10n_tn.pcg_4651","Receivable","account.data_account_type_receivable","True"
"l10n_tn.pcg_46512","46512","Augmentation des dettes","l10n_tn.pcg_4651","Receivable","account.data_account_type_receivable","True"
"l10n_tn.pcg_46518","46518","Différences compensées par couverture de change","l10n_tn.pcg_4651","Receivable","account.data_account_type_receivable","True"
"l10n_tn.pcg_4652","4652","Différences de conversion passif","l10n_tn.pcg_4651","view","account.data_account_type_view","True"
"l10n_tn.pcg_46521","46521","Augmentation des créances","l10n_tn.pcg_4652","Regular","account.data_account_type_liability","True"
"l10n_tn.pcg_46522","46522","Augmentation des créances","l10n_tn.pcg_4652","Regular","account.data_account_type_liability","True"
"l10n_tn.pcg_46528","46528","Différences compensées par couverture de change","l10n_tn.pcg_4652","Regular","account.data_account_type_liability","True"
"l10n_tn.pcg_468","468","Autres comptes transitoires","l10n_tn.pcg_46","Regular","account.data_account_type_liability","False"
"l10n_tn.pcg_47","47","Comptes de régularisation","l10n_tn.pcg_4","view","account.data_account_type_view","False"
"l10n_tn.pcg_471","471","Charges constatées d'avance","l10n_tn.pcg_47","Receivable","account.data_account_type_receivable","True"
"l10n_tn.pcg_472","472","Produits constatés d'avance","l10n_tn.pcg_47","Regular","account.data_account_type_liability","True"
"l10n_tn.pcg_478","478","Comptes de répartition périodique de charges et produits","l10n_tn.pcg_47","view","account.data_account_type_view","False"
"l10n_tn.pcg_4786","4786","Charges","l10n_tn.pcg_478","Regular","account.data_account_type_liability","True"
"l10n_tn.pcg_4787","4787","Produits","l10n_tn.pcg_478","Receivable","account.data_account_type_receivable","True"
"l10n_tn.pcg_48","48","Provisions courantes pour risques et charges","l10n_tn.pcg_4","view","account.data_account_type_view","False"
"l10n_tn.pcg_49","49","Provisions pour dépréciation des comptes de tiers","l10n_tn.pcg_4","view","account.data_account_type_view","False"
"l10n_tn.pcg_5","Classe 5 ","Comptes financiers","l10n_tn.pcg_cla_1_a_5","view","account.data_account_type_view","False"
"l10n_tn.pcg_50","50","Emprunts et autres dettes financières courants","l10n_tn.pcg_5","view","account.data_account_type_view","False"
"l10n_tn.pcg_501","501","Emprunts courants liés au cycle d'exploitation","l10n_tn.pcg_50","Regular","account.data_account_type_cash","False"
"l10n_tn.pcg_505","505","Échéances à moins d'un an sur emprunts non courants","l10n_tn.pcg_50","Regular","account.data_account_type_cash","False"
"l10n_tn.pcg_506","506","Concours bancaires courants","l10n_tn.pcg_50","view","account.data_account_type_cash","False"
"l10n_tn.pcg_5061","5061","Crédit de mobilisation de créances commerciales","l10n_tn.pcg_506","Regular","account.data_account_type_cash","False"
"l10n_tn.pcg_5063","5063","Mobilisation de créances nées à l'étranger","l10n_tn.pcg_506","Regular","account.data_account_type_cash","False"
"l10n_tn.pcg_5067","5067","Autres concours bancaires","l10n_tn.pcg_506","Regular","account.data_account_type_cash","False"
"l10n_tn.pcg_507","507","Emprunts échus et impayés","l10n_tn.pcg_50","Regular","account.data_account_type_cash","False"
"l10n_tn.pcg_508","508","Intérêts courus (à subdiviser selon la même ventilation que le compte 50)","l10n_tn.pcg_50","Regular","account.data_account_type_cash","False"
"l10n_tn.pcg_51","51","Prêts et autres créances financières courants","l10n_tn.pcg_5","view","account.data_account_type_cash","False"
"l10n_tn.pcg_511","511","Prêts courants liés au cycle d'exploitation","l10n_tn.pcg_51","Regular","account.data_account_type_cash","False"
"l10n_tn.pcg_516","516","Échéances à moins d'un an sur prêts non courants","l10n_tn.pcg_51","Regular","account.data_account_type_cash","False"
"l10n_tn.pcg_517","517","Échéances à moins d'un an sur autres créances financières","l10n_tn.pcg_51","Regular","account.data_account_type_cash","False"
"l10n_tn.pcg_518","518","Intérêts courus","l10n_tn.pcg_51","Regular","account.data_account_type_cash","False"
"l10n_tn.pcg_52","52","Placements courants","l10n_tn.pcg_5","view","account.data_account_type_cash","False"
"l10n_tn.pcg_523","523","Actions","l10n_tn.pcg_52","view","account.data_account_type_cash","False"
"l10n_tn.pcg_5231","5231","Titres cotés","l10n_tn.pcg_523","Regular","account.data_account_type_cash","False"
"l10n_tn.pcg_5235","5235","Titres non cotés","l10n_tn.pcg_523","Regular","account.data_account_type_cash","False"
"l10n_tn.pcg_524","524","Autres titres conférant un droit de propriété","l10n_tn.pcg_52","Regular","account.data_account_type_cash","False"
"l10n_tn.pcg_525","525","Obligations et bons émis par la société et rachetés par elle","l10n_tn.pcg_52","Regular","account.data_account_type_cash","False"
"l10n_tn.pcg_526","526","Obligations","l10n_tn.pcg_52","view","account.data_account_type_cash","False"
"l10n_tn.pcg_5261","5261","Titres cotés","l10n_tn.pcg_526","Regular","account.data_account_type_cash","False"
"l10n_tn.pcg_5265","5265","Titres non cotés","l10n_tn.pcg_526","Regular","account.data_account_type_cash","False"
"l10n_tn.pcg_5266","5266","Échéances à moins d'un an sur les obligations immobilisées","l10n_tn.pcg_526","Regular","account.data_account_type_cash","False"
"l10n_tn.pcg_527","527","Bons du trésor et bons de caisse à court terme","l10n_tn.pcg_52","Regular","account.data_account_type_cash","False"
"l10n_tn.pcg_528","528","Autres placements courants et créances assimilées","l10n_tn.pcg_52","view","account.data_account_type_cash","False"
"l10n_tn.pcg_5281","5281","Autres valeurs mobilières","l10n_tn.pcg_528","Regular","account.data_account_type_cash","False"
"l10n_tn.pcg_5288","5288","Intérêts courus sur obligations bons et valeurs assimilées","l10n_tn.pcg_528","Regular","account.data_account_type_cash","False"
"l10n_tn.pcg_529","529","Versements restant à effectuer sur valeurs mobilières de placement non libérées","l10n_tn.pcg_52","Regular","account.data_account_type_cash","False"
"l10n_tn.pcg_53","53","Banques établissements financiers et assimilés","l10n_tn.pcg_5","view","account.data_account_type_cash","False"
"l10n_tn.pcg_531","531","Valeurs à l'encaissement","l10n_tn.pcg_53","view","account.data_account_type_cash","False"
"l10n_tn.pcg_5311","5311","Coupons échus à l'encaissement","l10n_tn.pcg_531","Regular","account.data_account_type_cash","False"
"l10n_tn.pcg_5312","5312","Chèques à encaisser","l10n_tn.pcg_531","Regular","account.data_account_type_cash","False"
"l10n_tn.pcg_5313","5313","Effets à l'encaissement","l10n_tn.pcg_531","Regular","account.data_account_type_cash","False"
"l10n_tn.pcg_5314","5314","Effets à l'escompte","l10n_tn.pcg_531","Regular","account.data_account_type_cash","False"
"l10n_tn.pcg_532","532","Banques","l10n_tn.pcg_53","view","account.data_account_type_cash","False"
"l10n_tn.pcg_5321","5321","Comptes en dinars","l10n_tn.pcg_532","view","account.data_account_type_cash","False"
"l10n_tn.pcg_5324","5324","Comptes en devises","l10n_tn.pcg_532","view","account.data_account_type_cash","False"
"l10n_tn.pcg_534","534","CCP","l10n_tn.pcg_53","Regular","account.data_account_type_cash","False"
"l10n_tn.pcg_535","535","Comptes au trésor","l10n_tn.pcg_53","Regular","account.data_account_type_cash","False"
"l10n_tn.pcg_537","537","Autres organismes financiers","l10n_tn.pcg_53","Regular","account.data_account_type_cash","False"
"l10n_tn.pcg_54","54","Caisse","l10n_tn.pcg_5","view","account.data_account_type_cash","False"
"l10n_tn.pcg_541","541","Caisse siège social","l10n_tn.pcg_54","view","account.data_account_type_cash","False"
"l10n_tn.pcg_5411","5411","Caisse en dinars","l10n_tn.pcg_541","Regular","account.data_account_type_cash","False"
"l10n_tn.pcg_5414","5414","Caisse en devises","l10n_tn.pcg_541","Regular","account.data_account_type_cash","False"
"l10n_tn.pcg_542","542","Caisses succursales","l10n_tn.pcg_54","Regular","account.data_account_type_cash","False"
"l10n_tn.pcg_55","55","Régies d'avances et accréditifs","l10n_tn.pcg_5","view","account.data_account_type_view","False"
"l10n_tn.pcg_58","58","Virements internes","l10n_tn.pcg_5","Regular","account.data_account_type_cash","True"
"l10n_tn.pcg_59","59","Provisions pour dépréciation des comptes financiers (Même ventilation que les comptes de la classe 5)","l10n_tn.pcg_5","view","account.data_account_type_view","False"
"l10n_tn.pcg_cla_6_et_7","Classes 6 et 7","Comptes de gestion","l10n_tn.pcg_0","view","account.data_account_type_view","False"
"l10n_tn.pcg_6","Classe 6 ","Comptes de charges","l10n_tn.pcg_cla_6_et_7","view","account.data_account_type_view","False"
"l10n_tn.pcg_60","60","Achats (sauf 603)","l10n_tn.pcg_6","view","account.data_account_type_view","False"
"l10n_tn.pcg_601","601","Achats stockés - Matières premières et fournitures liées","l10n_tn.pcg_60","view","account.data_account_type_view","False"
"l10n_tn.pcg_6011","6011","Matières (ou groupe) A","l10n_tn.pcg_601","Regular",account.data_account_type_expense,"False"
"l10n_tn.pcg_6012","6012","Matières (ou groupe) B","l10n_tn.pcg_601","Regular",account.data_account_type_expense,"False"
"l10n_tn.pcg_6013","6013","Fournitures A - B - C ..","l10n_tn.pcg_601","Regular",account.data_account_type_expense,"False"
"l10n_tn.pcg_602","602","Achats stockés - Autres approvisionnements","l10n_tn.pcg_60","view","account.data_account_type_view","False"
"l10n_tn.pcg_6021","6021","Matières consommables","l10n_tn.pcg_602","Regular",account.data_account_type_expense,"False"
"l10n_tn.pcg_6022","6022","Fournitures consommables","l10n_tn.pcg_602","Regular",account.data_account_type_expense,"False"
"l10n_tn.pcg_6026","6026","Emballages","l10n_tn.pcg_602","Regular",account.data_account_type_expense,"False"
"l10n_tn.pcg_604","604","Achats d’études et de prestations de services (y compris achat de sous-traitance de production)","l10n_tn.pcg_60","Regular",account.data_account_type_expense,"False"
"l10n_tn.pcg_605","605","Achats de matériel équipements et travaux","l10n_tn.pcg_60","Regular",account.data_account_type_expense,"False"
"l10n_tn.pcg_606","606","Achats non stockés de matières et fournitures","l10n_tn.pcg_60","view","account.data_account_type_view","False"
"l10n_tn.pcg_6061","6061","Fournitures non stockables (eau - énergie...) ","l10n_tn.pcg_606","Regular",account.data_account_type_expense,"False"
"l10n_tn.pcg_6062","6063","Fournitures d'entretien et de petit équipement","l10n_tn.pcg_606","Regular",account.data_account_type_expense,"False"
"l10n_tn.pcg_6063","6064","Fournitures administratives","l10n_tn.pcg_606","Regular",account.data_account_type_expense,"False"
"l10n_tn.pcg_6068","6068","Autres matières et fournitures","l10n_tn.pcg_606","Regular",account.data_account_type_expense,"False"
"l10n_tn.pcg_607","607","Achats de marchandises","l10n_tn.pcg_60","view","account.data_account_type_view","False"
"l10n_tn.pcg_6071","6071","Marchandise (ou groupe) A","l10n_tn.pcg_607","Regular",account.data_account_type_expense,"False"
"l10n_tn.pcg_6072","6072","Marchandise (ou groupe) B","l10n_tn.pcg_607","Regular",account.data_account_type_expense,"False"
"l10n_tn.pcg_6078","6078","Frais accessoires incorporés aux achats","l10n_tn.pcg_607","Regular",account.data_account_type_expense,"False"
"l10n_tn.pcg_608","608","Achats liés à une modification comptable à prendre en compte dans le résultat de l'exercice ou à une activité abandonnée","l10n_tn.pcg_60","Regular",account.data_account_type_expense,"False"
"l10n_tn.pcg_609","609","Rabais remises et ristournes obtenus sur achats","l10n_tn.pcg_60","view","account.data_account_type_view","False"
"l10n_tn.pcg_6098","6098","Liés à une modification comptable à prendre en compte dans le résultat de l'exercice ou à une activité abandonnée","l10n_tn.pcg_609","Regular",account.data_account_type_expense,"False"
"l10n_tn.pcg_61","61","Services extérieurs","l10n_tn.pcg_6","view","account.data_account_type_view","False"
"l10n_tn.pcg_611","611","Sous-traitance générale","l10n_tn.pcg_61","Regular",account.data_account_type_expense,"False"
"l10n_tn.pcg_612","612","Redevances pour utilisation d'immobilisations concédées","l10n_tn.pcg_61","view","account.data_account_type_view","False"
"l10n_tn.pcg_613","613","Locations (y compris malis sur emballages)","l10n_tn.pcg_61","view","account.data_account_type_view","False"
"l10n_tn.pcg_6132","6132","Locations immobilières","l10n_tn.pcg_613","Regular",account.data_account_type_expense,"False"
"l10n_tn.pcg_6135","6135","Locations mobilières","l10n_tn.pcg_613","Regular",account.data_account_type_expense,"False"
"l10n_tn.pcg_6136","6136","Malis sur emballages","l10n_tn.pcg_613","Regular",account.data_account_type_expense,"False"
"l10n_tn.pcg_614","614","Charges locatives et de copropriété","l10n_tn.pcg_61","Regular",account.data_account_type_expense,"False"
"l10n_tn.pcg_615","615","Entretien et réparations","l10n_tn.pcg_61","view","account.data_account_type_view","False"
"l10n_tn.pcg_616","616","Primes d'assurances","l10n_tn.pcg_61","view","account.data_account_type_view","False"
"l10n_tn.pcg_617","617","Études recherches et divers services extérieurs","l10n_tn.pcg_61","Regular",account.data_account_type_expense,"False"
"l10n_tn.pcg_618","618","Autres charges liées à une modification comptable à prendre en compte dans le résultat de l'exercice ou à une activité abandonnée","l10n_tn.pcg_61","Regular",account.data_account_type_expense,"False"
"l10n_tn.pcg_619","619","Rabais remises et ristournes obtenus sur services extérieurs","l10n_tn.pcg_61","Regular",account.data_account_type_expense,"False"
"l10n_tn.pcg_62","62","Autres services extérieurs","l10n_tn.pcg_6","view","account.data_account_type_view","False"
"l10n_tn.pcg_621","621","Personnel extérieur à l'entreprise","l10n_tn.pcg_62","Regular",account.data_account_type_expense,"False"
"l10n_tn.pcg_622","622","Rémunération d'intermédiaires et honoraires","l10n_tn.pcg_62","Regular",account.data_account_type_expense,"False"
"l10n_tn.pcg_623","623","Publicité publications relations publiques","l10n_tn.pcg_62","Regular",account.data_account_type_expense,"False"
"l10n_tn.pcg_624","624","Transports de biens et transports collectifs du personnel","l10n_tn.pcg_62","view","account.data_account_type_view","False"
"l10n_tn.pcg_6241","6241","Transports sur achats","l10n_tn.pcg_624","Regular",account.data_account_type_expense,"False"
"l10n_tn.pcg_6242","6242","Transports sur ventes","l10n_tn.pcg_624","Regular",account.data_account_type_expense,"False"
"l10n_tn.pcg_6244","6244","Transports administratifs","l10n_tn.pcg_624","Regular",account.data_account_type_expense,"False"
"l10n_tn.pcg_6247","6247","Transports collectifs du personnel","l10n_tn.pcg_624","Regular",account.data_account_type_expense,"False"
"l10n_tn.pcg_6248","6248","Divers","l10n_tn.pcg_624","Regular",account.data_account_type_expense,"False"
"l10n_tn.pcg_625","625","Déplacements missions et réceptions","l10n_tn.pcg_62","view","account.data_account_type_view","False"
"l10n_tn.pcg_6251","6251","Voyages et déplacements","l10n_tn.pcg_625","Regular",account.data_account_type_expense,"False"
"l10n_tn.pcg_6255","6255","Frais de déménagement","l10n_tn.pcg_625","Regular",account.data_account_type_expense,"False"
"l10n_tn.pcg_6256","6256","Missions","l10n_tn.pcg_625","Regular",account.data_account_type_expense,"False"
"l10n_tn.pcg_6257","6257","Réceptions","l10n_tn.pcg_625","Regular",account.data_account_type_expense,"False"
"l10n_tn.pcg_626","626","Frais postaux et frais de télécommunications","l10n_tn.pcg_62","view","account.data_account_type_view","False"
"l10n_tn.pcg_627","627","Services bancaires et assimilés","l10n_tn.pcg_62","view","account.data_account_type_view","False"
"l10n_tn.pcg_6271","6271","Frais sur titres (achats - vente - garde)","l10n_tn.pcg_627","Regular",account.data_account_type_expense,"False"
"l10n_tn.pcg_6272","6272","Commissions et frais sur émission d'emprunts","l10n_tn.pcg_627","Regular",account.data_account_type_expense,"False"
"l10n_tn.pcg_6275","6275","Frais sur effets","l10n_tn.pcg_627","Regular",account.data_account_type_expense,"False"
"l10n_tn.pcg_6276","6276","Location de coffres","l10n_tn.pcg_627","Regular",account.data_account_type_expense,"False"
"l10n_tn.pcg_6278","6278","Autres frais et commissions sur prestations de services","l10n_tn.pcg_627","Regular",account.data_account_type_expense,"False"
"l10n_tn.pcg_628","628","Autres services extérieurs liés à une modification comptable à prendre en compte dans le résultat de l'exercice ou à une activité abandonnée","l10n_tn.pcg_62","Regular",account.data_account_type_expense,"False"
"l10n_tn.pcg_629","629","Rabais remises et ristournes obtenus sur autres services extérieurs","l10n_tn.pcg_62","Regular",account.data_account_type_expense,"False"
"l10n_tn.pcg_63","63","Charges diverses ordinaires","l10n_tn.pcg_6","view","account.data_account_type_view","False"
"l10n_tn.pcg_631","631","Redevances pour concessions de marques brevets licences procédés droits et valeurs similaires","l10n_tn.pcg_63","Regular",account.data_account_type_expense,"False"
"l10n_tn.pcg_633","633","Jetons de présence","l10n_tn.pcg_63","Regular",account.data_account_type_expense,"False"
"l10n_tn.pcg_634","634","Pertes sur créances irrécouvrables","l10n_tn.pcg_63","view","account.data_account_type_view","False"
"l10n_tn.pcg_6341","6341","Créances de l'exercice","l10n_tn.pcg_634","Regular",account.data_account_type_expense,"False"
"l10n_tn.pcg_6344","6344","Créances des exercices antérieurs","l10n_tn.pcg_634","Regular",account.data_account_type_expense,"False"
"l10n_tn.pcg_635","635","Quotes-parts de résultat sur opérations faites en commun","l10n_tn.pcg_63","view","account.data_account_type_view","False"
"l10n_tn.pcg_6351","6351","Quote-part de bénéfice transférée (comptabilité du gérant)","l10n_tn.pcg_635","Regular",account.data_account_type_expense,"False"
"l10n_tn.pcg_6355","6355","Quote-part de perte supportée (comptabilité des associés non gérants)","l10n_tn.pcg_635","Regular",account.data_account_type_expense,"False"
"l10n_tn.pcg_636","636","Charges nettes sur cessions d'immobilisations et autres pertes sur éléments non récurrents ou exceptionnels","l10n_tn.pcg_63","Regular",account.data_account_type_expense,"False"
"l10n_tn.pcg_637","637","Réduction de valeur","l10n_tn.pcg_63","Regular",account.data_account_type_expense,"False"
"l10n_tn.pcg_638","638","Charges diverses ordinaires liées à une modification comptable à prendre en compte dans le résultat de l'exercice ou à une activité abandonnée","l10n_tn.pcg_63","Regular",account.data_account_type_expense,"False"
"l10n_tn.pcg_64","64","Charges de personnel","l10n_tn.pcg_6","view","account.data_account_type_view","False"
"l10n_tn.pcg_640","640","Salaires et compléments de salaires","l10n_tn.pcg_64","view","account.data_account_type_view","False"
"l10n_tn.pcg_6400","6400","Salaires","l10n_tn.pcg_640","Regular",account.data_account_type_expense,"False"
"l10n_tn.pcg_6401","6401","Heures supplémentaires","l10n_tn.pcg_640","Regular",account.data_account_type_expense,"False"
"l10n_tn.pcg_6402","6402","Primes","l10n_tn.pcg_640","Regular",account.data_account_type_expense,"False"
"l10n_tn.pcg_6403","6403","Gratifications","l10n_tn.pcg_640","Regular",account.data_account_type_expense,"False"
"l10n_tn.pcg_6404","6404","Avantages en nature","l10n_tn.pcg_640","Regular",account.data_account_type_expense,"False"
"l10n_tn.pcg_6409","6409","Autres compléments de salaires","l10n_tn.pcg_640","Regular",account.data_account_type_expense,"False"
"l10n_tn.pcg_642","642","Appointements et compléments d'appointements","l10n_tn.pcg_64","view","account.data_account_type_view","False"
"l10n_tn.pcg_6420","6420","Appointements","l10n_tn.pcg_642","Regular",account.data_account_type_expense,"False"
"l10n_tn.pcg_6421","6421","Heures supplémentaires","l10n_tn.pcg_642","Regular",account.data_account_type_expense,"False"
"l10n_tn.pcg_6422","6422","Primes","l10n_tn.pcg_642","Regular",account.data_account_type_expense,"False"
"l10n_tn.pcg_6423","6423","Gratifications","l10n_tn.pcg_642","Regular",account.data_account_type_expense,"False"
"l10n_tn.pcg_6424","6424","Avantages en nature","l10n_tn.pcg_642","Regular",account.data_account_type_expense,"False"
"l10n_tn.pcg_6429","6429","Autres compléments d'appointements","l10n_tn.pcg_642","Regular",account.data_account_type_expense,"False"
"l10n_tn.pcg_643","643","Indemnités représentatives de frais","l10n_tn.pcg_64","Regular",account.data_account_type_expense,"False"
"l10n_tn.pcg_644","644","Commissions au personnel","l10n_tn.pcg_64","view","account.data_account_type_view","False"
"l10n_tn.pcg_6440","6440","Commissions sur achats","l10n_tn.pcg_644","Regular",account.data_account_type_expense,"False"
"l10n_tn.pcg_6441","6441","Commissions sur ventes","l10n_tn.pcg_644","Regular",account.data_account_type_expense,"False"
"l10n_tn.pcg_645","645","Rémunérations des administrateurs gérants et associés","l10n_tn.pcg_64","view","account.data_account_type_view","False"
"l10n_tn.pcg_646","646","Charges connexes aux salaires appointements commissions et rémunérations","l10n_tn.pcg_64","view","account.data_account_type_view","False"
"l10n_tn.pcg_6460","6460","Charges connexes aux salaires","l10n_tn.pcg_646","view","account.data_account_type_view","False"
"l10n_tn.pcg_64600","64600","Congés payés","l10n_tn.pcg_6460","Regular",account.data_account_type_expense,"False"
"l10n_tn.pcg_64602","64602","Indemnités de préavis et de licenciements (gratification de fin de service)","l10n_tn.pcg_6460","Regular",account.data_account_type_expense,"False"
"l10n_tn.pcg_64604","64604","Supplément familial","l10n_tn.pcg_6460","Regular",account.data_account_type_expense,"False"
"l10n_tn.pcg_6462","6462","Charges connexes aux appointements","l10n_tn.pcg_646","view","account.data_account_type_view","False"
"l10n_tn.pcg_64620","64620","Congés payés","l10n_tn.pcg_6462","Regular",account.data_account_type_expense,"False"
"l10n_tn.pcg_64622","64622","Indemnités de préavis et de licenciement (gratification de fin de service)","l10n_tn.pcg_6462","Regular",account.data_account_type_expense,"False"
"l10n_tn.pcg_64624","64624","Supplément familial","l10n_tn.pcg_6462","Regular",account.data_account_type_expense,"False"
"l10n_tn.pcg_6464","6464","Charges connexes aux commissions","l10n_tn.pcg_646","view","account.data_account_type_view","False"
"l10n_tn.pcg_64640","64640","Congés payés","l10n_tn.pcg_6464","Regular",account.data_account_type_expense,"False"
"l10n_tn.pcg_64642","64642","Indemnités de préavis et de licenciement (gratification de fin de service)","l10n_tn.pcg_6464","Regular",account.data_account_type_expense,"False"
"l10n_tn.pcg_64644","64644","Supplément familial","l10n_tn.pcg_6464","Regular",account.data_account_type_expense,"False"
"l10n_tn.pcg_6465","6465","Charges connexes aux rémunérations des administrateurs et gérants","l10n_tn.pcg_646","view","account.data_account_type_view","False"
"l10n_tn.pcg_64650","64650","Congés payés","l10n_tn.pcg_6465","Regular",account.data_account_type_expense,"False"
"l10n_tn.pcg_64652","64652","Indemnités de préavis et de licenciement","l10n_tn.pcg_6465","Regular",account.data_account_type_expense,"False"
"l10n_tn.pcg_64654","64654","Supplément familial","l10n_tn.pcg_6465","Regular",account.data_account_type_expense,"False"
"l10n_tn.pcg_647","647","Charges sociales légales","l10n_tn.pcg_64","view","account.data_account_type_view","False"
"l10n_tn.pcg_6470","6470","Cotisations de sécurité sociale sur salaires","l10n_tn.pcg_647","Regular",account.data_account_type_expense,"False"
"l10n_tn.pcg_6472","6472","Cotisations de sécurité sociale sur appointements","l10n_tn.pcg_647","Regular",account.data_account_type_expense,"False"
"l10n_tn.pcg_6474","6474","Cotisations de sécurité sociale sur commissions","l10n_tn.pcg_647","Regular",account.data_account_type_expense,"False"
"l10n_tn.pcg_6475","6475","Cotisations de sécurité sociale sur rémunérations des administrateurs et gérants","l10n_tn.pcg_647","Regular",account.data_account_type_expense,"False"
"l10n_tn.pcg_6476","6476","Prestations directes","l10n_tn.pcg_647","Regular",account.data_account_type_expense,"False"
"l10n_tn.pcg_648","648","Charges de personnel liées à une modification comptable à imputer au résultat de l'exercice ou à une activité abandonnée","l10n_tn.pcg_64","Regular",account.data_account_type_expense,"False"
"l10n_tn.pcg_649","649","Autres charges de personnel et autres charges sociales","l10n_tn.pcg_64","view","account.data_account_type_view","False"
"l10n_tn.pcg_6490","6490","Autres charges de personnel","l10n_tn.pcg_649","Regular",account.data_account_type_expense,"False"
"l10n_tn.pcg_6495","6495","Au tres charges sociales","l10n_tn.pcg_649","Regular",account.data_account_type_expense,"False"
"l10n_tn.pcg_65","65","Charges financières","l10n_tn.pcg_6","view","account.data_account_type_view","False"
"l10n_tn.pcg_651","651","Charges d'intérêts","l10n_tn.pcg_65","view","account.data_account_type_view","False"
"l10n_tn.pcg_6511","6511","Intérêts des emprunts et dettes","l10n_tn.pcg_651","view","account.data_account_type_view","False"
"l10n_tn.pcg_65116","65116","Des emprunts et dettes assimilées","l10n_tn.pcg_6511","Regular",account.data_account_type_expense,"False"
"l10n_tn.pcg_65117","65117","Des dettes rattachées à des participations","l10n_tn.pcg_6511","Regular",account.data_account_type_expense,"False"
"l10n_tn.pcg_6515","6515","Intérêts des comptes courants et des dépôts créditeurs","l10n_tn.pcg_651","Regular",account.data_account_type_expense,"False"
"l10n_tn.pcg_6516","6516","Intérêts bancaires et sur opérations de financement","l10n_tn.pcg_651","Regular",account.data_account_type_expense,"False"
"l10n_tn.pcg_6517","6517","Intérêts des obligations cautionnées","l10n_tn.pcg_651","Regular",account.data_account_type_expense,"False"
"l10n_tn.pcg_6518","6518","Intérêts des autres dettes (y compris les pénalités et intérêts de retard sur emprunts)","l10n_tn.pcg_651","Regular",account.data_account_type_expense,"False"
"l10n_tn.pcg_653","653","Pertes sur créances liées à des participations","l10n_tn.pcg_65","Regular",account.data_account_type_expense,"False"
"l10n_tn.pcg_654","654","Escomptes accordés","l10n_tn.pcg_65","Regular",account.data_account_type_expense,"False"
"l10n_tn.pcg_655","655","Pertes de change","l10n_tn.pcg_65","Regular",account.data_account_type_expense,"False"
"l10n_tn.pcg_656","656","Charges nettes sur cessions de valeurs mobilières","l10n_tn.pcg_65","Regular",account.data_account_type_expense,"False"
"l10n_tn.pcg_657","657","Autres charges financières","l10n_tn.pcg_65","Regular",account.data_account_type_expense,"False"
"l10n_tn.pcg_658","658","Charges financières liées à une modification comptable à imputer au résultat de l'exercice ou à une activité abandonnée","l10n_tn.pcg_65","Regular",account.data_account_type_expense,"False"
"l10n_tn.pcg_66","66","Impôts taxes et versements assimilés","l10n_tn.pcg_6","view","account.data_account_type_view","False"
"l10n_tn.pcg_661","661","Impôts taxes et versements assimilés sur rémunérations","l10n_tn.pcg_66","view","account.data_account_type_view","False"
"l10n_tn.pcg_6611","6611","TFP","l10n_tn.pcg_661","Regular",account.data_account_type_expense,"False"
"l10n_tn.pcg_6612","6612","FOPROLOS","l10n_tn.pcg_661","Regular",account.data_account_type_expense,"False"
"l10n_tn.pcg_6618","6618","Autres","l10n_tn.pcg_661","Regular",account.data_account_type_expense,"False"
"l10n_tn.pcg_665","665","Autres impôts taxes et versements assimilés","l10n_tn.pcg_66","view","account.data_account_type_view","False"
"l10n_tn.pcg_6651","6651","Impôts et taxes divers (sauf impôts sur les bénéfices)","l10n_tn.pcg_665","Regular",account.data_account_type_expense,"False"
"l10n_tn.pcg_6652","6652","Taxes sur le chiffre d'affaires non récupérables","l10n_tn.pcg_665","view","account.data_account_type_view","False"
"l10n_tn.pcg_66521","66521","TCL","l10n_tn.pcg_6652","Regular",account.data_account_type_expense,"False"
"l10n_tn.pcg_66522","66522","Autres taxes sue le CH non récupérables","l10n_tn.pcg_6652","Regular",account.data_account_type_expense,"False"
"l10n_tn.pcg_6654","6654","Droits d'enregistrement et de timbre","l10n_tn.pcg_665","Regular",account.data_account_type_expense,"False"
"l10n_tn.pcg_6655","6655","Taxes sur les véhicules","l10n_tn.pcg_665","Regular",account.data_account_type_expense,"False"
"l10n_tn.pcg_6658","6658","Autres droits","l10n_tn.pcg_665","Regular",account.data_account_type_expense,"False"
"l10n_tn.pcg_668","668","Impôts et taxes liés à une modification comptable à imputer au résultat de l'exercice ou à une activité abandonnée","l10n_tn.pcg_66","Regular",account.data_account_type_expense,"False"
"l10n_tn.pcg_67","67","Pertes extraordinaires","l10n_tn.pcg_6","view","account.data_account_type_view","False"
"l10n_tn.pcg_68","68","Dotations aux amortissements et aux provisions","l10n_tn.pcg_6","view","account.data_account_type_view","False"
"l10n_tn.pcg_681","681","Dotations aux amortissements et aux provisions - charges ordinaires (autres que financières)","l10n_tn.pcg_68","view","account.data_account_type_view","False"
"l10n_tn.pcg_6811","6811","Dotations aux amortissements des immobilisations incorporelles et corporelles","l10n_tn.pcg_681","view","account.data_account_type_view","False"
"l10n_tn.pcg_68111","68111","Immobilisations incorporelles","l10n_tn.pcg_6811","Regular",account.data_account_type_expense,"False"
"l10n_tn.pcg_68112","68112","Immobilisations corporelles","l10n_tn.pcg_6811","Regular",account.data_account_type_expense,"False"
"l10n_tn.pcg_6812","6812","Dotations aux résorptions des charges reportées","l10n_tn.pcg_681","Regular",account.data_account_type_expense,"False"
"l10n_tn.pcg_6815","6815","Dotations aux provisions pour risques et charges d'exploitation","l10n_tn.pcg_681","Regular",account.data_account_type_expense,"False"
"l10n_tn.pcg_6816","6816","Dotations aux provisions pour dépréciation des immobilisations incorporelles et corporelles","l10n_tn.pcg_681","view","account.data_account_type_view","False"
"l10n_tn.pcg_68161","68161","Immobilisations incorporelles","l10n_tn.pcg_6816","Regular",account.data_account_type_expense,"False"
"l10n_tn.pcg_68162","68162","Immobilisations corporelles","l10n_tn.pcg_6816","Regular",account.data_account_type_expense,"False"
"l10n_tn.pcg_6817","6817","Dotations aux provisions pour dépréciation des actifs courants (autres que les valeurs mobilières de placement et les équivalents de liquidités)","l10n_tn.pcg_681","view","account.data_account_type_view","False"
"l10n_tn.pcg_68173","68173","Stocks et en-cours","l10n_tn.pcg_6817","Regular",account.data_account_type_expense,"False"
"l10n_tn.pcg_68174","68174","Créances","l10n_tn.pcg_6817","Regular",account.data_account_type_expense,"False"
"l10n_tn.pcg_6818","6818","Dotations aux amortissements et aux provisions liées à une modification comptable à imputer au résultat de l'exercice ou à une activité abandonnée","l10n_tn.pcg_681","Regular",account.data_account_type_expense,"False"
"l10n_tn.pcg_686","686","Dotations aux amortissements et aux provisions - charges financières","l10n_tn.pcg_68","view","account.data_account_type_view","False"
"l10n_tn.pcg_6861","6861","Dotations aux amortissements des primes de remboursement des obligations","l10n_tn.pcg_686","Regular",account.data_account_type_expense,"False"
"l10n_tn.pcg_6865","6865","Dotations aux provisions pour risques et charges financières","l10n_tn.pcg_686","Regular",account.data_account_type_expense,"False"
"l10n_tn.pcg_6866","6866","Dotations aux provisions pour dépréciation des éléments financiers","l10n_tn.pcg_686","view","account.data_account_type_view","False"
"l10n_tn.pcg_68662","68662","Immobilisations financières","l10n_tn.pcg_6866","Regular",account.data_account_type_expense,"False"
"l10n_tn.pcg_68665","68665","Placements et prêts courants","l10n_tn.pcg_6866","Regular",account.data_account_type_expense,"False"
"l10n_tn.pcg_6868","6868","Dotations aux amortissements et aux provisions liées à une modification comptable inscrite dans le résultat de l'exercice ou à une activité abandonnée:(charges financières)","l10n_tn.pcg_686","Regular",account.data_account_type_expense,"False"
"l10n_tn.pcg_69","69","Impôts sur les bénéfices","l10n_tn.pcg_6","view","account.data_account_type_view","False"
"l10n_tn.pcg_691","691","Impôts sur les bénéfices calculés sur le résultat des activités ordinaires","l10n_tn.pcg_69","Regular",account.data_account_type_expense,"False"
"l10n_tn.pcg_695","695","Autres impôts sur les bénéfices (régimes particuliers)","l10n_tn.pcg_69","Regular",account.data_account_type_expense,"False"
"l10n_tn.pcg_697","697","Impôts sur les bénéfices calculés sur les éléments extraordinaires: Liste des comptes","l10n_tn.pcg_69","Regular",account.data_account_type_expense,"False"
"l10n_tn.pcg_7","Classe 7 ","Comptes de produits","l10n_tn.pcg_cla_6_et_7","view","account.data_account_type_view","False"
"l10n_tn.pcg_70","70","Ventes de produits fabriqués/ prestations de services/ marchandises","l10n_tn.pcg_7","view","account.data_account_type_view","False"
"l10n_tn.pcg_701","701","Ventes de produits finis","l10n_tn.pcg_70","view","account.data_account_type_view","False"
"l10n_tn.pcg_7011","7011","Produits finis achevés","l10n_tn.pcg_701","Regular",account.data_account_type_income,"False"
"l10n_tn.pcg_7012","7012","Produits finis non achevés (contrat de longue durée)","l10n_tn.pcg_701","Regular",account.data_account_type_income,"False"
"l10n_tn.pcg_702","702","Ventes de produits intermédiaires","l10n_tn.pcg_70","Regular",account.data_account_type_income,"False"
"l10n_tn.pcg_703","703","Ventes de produits résiduels","l10n_tn.pcg_70","Regular",account.data_account_type_income,"False"
"l10n_tn.pcg_704","704","Travaux","l10n_tn.pcg_70","view","account.data_account_type_view","False"
"l10n_tn.pcg_705","705","Études et prestations de services","l10n_tn.pcg_70","Regular",account.data_account_type_income,"False"
"l10n_tn.pcg_706","706","Produits des activités annexes","l10n_tn.pcg_70","Regular",account.data_account_type_income,"False"
"l10n_tn.pcg_707","707","Ventes de marchandises","l10n_tn.pcg_70","view","account.data_account_type_view","False"
"l10n_tn.pcg_7071","7071","Marchandises (ou groupe) A","l10n_tn.pcg_707","Regular",account.data_account_type_income,"False"
"l10n_tn.pcg_7072","7072","Marchandises (ou groupe) B","l10n_tn.pcg_707","Regular",account.data_account_type_income,"False"
"l10n_tn.pcg_7073","7073","Marchandises à l'exportation","l10n_tn.pcg_707","Regular",account.data_account_type_income,"False"
"l10n_tn.pcg_708","708","Ventes liées à une modification comptable à imputer au résultat de l'exercice ou à une activité abandonnée","l10n_tn.pcg_70","Regular",account.data_account_type_income,"False"
"l10n_tn.pcg_709","709","Rabais remises et ristournes accordés par l'entreprise","l10n_tn.pcg_70","view","account.data_account_type_view","False"
"l10n_tn.pcg_7091","7091","Sur ventes de produits finis","l10n_tn.pcg_709","Regular",account.data_account_type_income,"False"
"l10n_tn.pcg_7092","7092","Sur ventes de produits intermédiaires","l10n_tn.pcg_709","Regular",account.data_account_type_income,"False"
"l10n_tn.pcg_7094","7094","Sur travaux","l10n_tn.pcg_709","Regular",account.data_account_type_income,"False"
"l10n_tn.pcg_7095","7095","Sur études et prestations de services","l10n_tn.pcg_709","Regular",account.data_account_type_income,"False"
"l10n_tn.pcg_7096","7096","Sur activités annexes","l10n_tn.pcg_709","Regular",account.data_account_type_income,"False"
"l10n_tn.pcg_7097","7097","Sur ventes de marchandises","l10n_tn.pcg_709","Regular",account.data_account_type_income,"False"
"l10n_tn.pcg_7098","7098","Sur ventes liées à une modification comptable à imputer au résultat de l'exercice ou à une activité abandonnée","l10n_tn.pcg_709","Regular",account.data_account_type_income,"False"
"l10n_tn.pcg_71","71","Production stockée (ou destockage)","l10n_tn.pcg_7","view","account.data_account_type_view","False"
"l10n_tn.pcg_713","713","Variation des stocks (en-cours de production produits)","l10n_tn.pcg_71","view","account.data_account_type_view","False"
"l10n_tn.pcg_7133","7133","Variations des en-cours de production de biens","l10n_tn.pcg_713","Regular",account.data_account_type_income,"False"
"l10n_tn.pcg_7134","7134","Variation des en-cours de production de services","l10n_tn.pcg_713","Regular",account.data_account_type_income,"False"
"l10n_tn.pcg_7135","7135","Variation des stocks de produits","l10n_tn.pcg_713","Regular",account.data_account_type_income,"False"
"l10n_tn.pcg_72","72","Production immobilisée","l10n_tn.pcg_7","view","account.data_account_type_view","False"
"l10n_tn.pcg_721","721","Immobilisations incorporelles","l10n_tn.pcg_72","Regular",account.data_account_type_income,"False"
"l10n_tn.pcg_722","722","Immobilisations corporelles","l10n_tn.pcg_72","Regular",account.data_account_type_income,"False"
"l10n_tn.pcg_728","728","Production immobilisée liée à une modification comptable à imputer au résultat de l'exercice ou à une activité abandonnée","l10n_tn.pcg_72","Regular",account.data_account_type_income,"False"
"l10n_tn.pcg_73","73","Produits divers ordinaires","l10n_tn.pcg_7","view","account.data_account_type_view","False"
"l10n_tn.pcg_731","731","Redevances pour  brevets licences marques procédés droits et valeurs similaires","l10n_tn.pcg_73","Regular",account.data_account_type_income,"False"
"l10n_tn.pcg_732","732","Revenus des immeubles non affectés aux activités professionnelles","l10n_tn.pcg_73","Regular",account.data_account_type_income,"False"
"l10n_tn.pcg_733","733","Jetons de présence et rémunérations d'administrateurs gérants","l10n_tn.pcg_73","Regular",account.data_account_type_income,"False"
"l10n_tn.pcg_734","734","Ristournes perçues des coopératives (provenant des excédents)","l10n_tn.pcg_73","Regular",account.data_account_type_income,"False"
"l10n_tn.pcg_735","735","Quotes-parts de résultat sur opérations faites en commun","l10n_tn.pcg_73","Regular",account.data_account_type_income,"False"
"l10n_tn.pcg_736","736","Produits nets sur cessions d'immobilisations et autres gains sur éléments non récurrents ou exceptionnels","l10n_tn.pcg_73","Regular",account.data_account_type_income,"False"
"l10n_tn.pcg_738","738","Produits divers ordinaires liés à une modification comptable à imputer au résultat de l'exercice ou à une activité abandonnée","l10n_tn.pcg_73","Regular",account.data_account_type_income,"False"
"l10n_tn.pcg_739","739","Quotes-parts des subventions d'investissement inscrites au résultat de l'exercice","l10n_tn.pcg_73","Regular",account.data_account_type_income,"False"
"l10n_tn.pcg_74","74","Subventions d'exploitation et d'équilibre","l10n_tn.pcg_7","view","account.data_account_type_view","False"
"l10n_tn.pcg_741","741","Subventions d'exploitation","l10n_tn.pcg_74","Regular",account.data_account_type_income,"False"
"l10n_tn.pcg_745","745","Subventions d'équilibre","l10n_tn.pcg_74","Regular",account.data_account_type_income,"False"
"l10n_tn.pcg_748","748","Subventions liées à une modification comptable à imputer au résultat de l'exercice ou à une activité abandonnée","l10n_tn.pcg_74","Regular",account.data_account_type_income,"False"
"l10n_tn.pcg_75","75","Produits financiers","l10n_tn.pcg_7","view","account.data_account_type_view","False"
"l10n_tn.pcg_751","751","Produits des participations","l10n_tn.pcg_75","Regular",account.data_account_type_income,"False"
"l10n_tn.pcg_752","752","Produits des autres immobilisations financières","l10n_tn.pcg_75","Regular",account.data_account_type_income,"False"
"l10n_tn.pcg_753","753","Revenus des autres créances","l10n_tn.pcg_75","Regular",account.data_account_type_income,"False"
"l10n_tn.pcg_754","754","Revenus des valeurs mobilières de placement","l10n_tn.pcg_75","Regular",account.data_account_type_income,"False"
"l10n_tn.pcg_755","755","Escomptes obtenus","l10n_tn.pcg_75","Regular",account.data_account_type_income,"False"
"l10n_tn.pcg_756","756","Gains de change","l10n_tn.pcg_75","Regular",account.data_account_type_income,"False"
"l10n_tn.pcg_757","757","Produits nets sur cessions de valeurs mobilières","l10n_tn.pcg_75","Regular",account.data_account_type_income,"False"
"l10n_tn.pcg_758","758","Produits financiers liés à une modification comptable à imputer au résultat de l'exercice ou à une activité abandonnée","l10n_tn.pcg_75","Regular",account.data_account_type_income,"False"
"l10n_tn.pcg_77","77","Gains extraordinaires","l10n_tn.pcg_7","view","account.data_account_type_view","False"
"l10n_tn.pcg_78","78","Reprises sur amortissements et provisions","l10n_tn.pcg_7","view","account.data_account_type_view","False"
"l10n_tn.pcg_781","781","Reprises sur amortissements et provisions (à inscrire dans les produits ordinaires)","l10n_tn.pcg_78","view","account.data_account_type_view","False"
"l10n_tn.pcg_7811","7811","Reprises sur amortissements des immobilisations incorporelles et corporelles","l10n_tn.pcg_781","view","account.data_account_type_view","False"
"l10n_tn.pcg_78111","78111","Immobilisations incorporelles","l10n_tn.pcg_7811","Regular",account.data_account_type_income,"False"
"l10n_tn.pcg_78112","78112","Immobilisations corporelles","l10n_tn.pcg_7811","Regular",account.data_account_type_income,"False"
"l10n_tn.pcg_7815","7815","Reprises sur provisions pour risques et charges d'exploitation","l10n_tn.pcg_781","Regular",account.data_account_type_income,"False"
"l10n_tn.pcg_7816","7816","Reprises sur provisions pour dépréciation des immobilisations incorporelles et corporelles","l10n_tn.pcg_781","view","account.data_account_type_view","False"
"l10n_tn.pcg_78161","78161","Immobilisations incorporelles","l10n_tn.pcg_7816","Regular",account.data_account_type_income,"False"
"l10n_tn.pcg_78162","78162","Immobilisations corporelles","l10n_tn.pcg_7816","Regular",account.data_account_type_income,"False"
"l10n_tn.pcg_7817","7817","Reprises sur provisions pour dépréciation des actifs courants (autres que les valeurs mobilières de placement et les équivalents de liquidités)","l10n_tn.pcg_781","view","account.data_account_type_view","False"
"l10n_tn.pcg_78173","78173","Stocks et en-cours","l10n_tn.pcg_7817","Regular",account.data_account_type_income,"False"
"l10n_tn.pcg_78174","78174","Créances","l10n_tn.pcg_7817","Regular",account.data_account_type_income,"False"
"l10n_tn.pcg_7818","7818","Reprises sur provisions liées à une modification comptable inscrite aux résultats ou à une activité abandonnée","l10n_tn.pcg_781","Regular",account.data_account_type_income,"False"
"l10n_tn.pcg_786","786","Reprises sur provisions (à inscrire dans les produits financiers)","l10n_tn.pcg_78","view","account.data_account_type_view","False"
"l10n_tn.pcg_7865","7865","Reprises sur provisions pour risque et charges financières","l10n_tn.pcg_786","Regular",account.data_account_type_income,"False"
"l10n_tn.pcg_7866","7866","Reprises sur provisions pour dépréciation des éléments financiers","l10n_tn.pcg_786","Regular",account.data_account_type_income,"False"
"l10n_tn.pcg_7868","7868","Reprises sur provisions (à inscrire dans les produits financiers) liées à une modification comptable inscrite aux résultats de ou à une activité abandonnée","l10n_tn.pcg_786","Regular",account.data_account_type_income,"False"
"l10n_tn.pcg_79","79","Transferts de charges","l10n_tn.pcg_7","view","account.data_account_type_view","False"
